wav_filename,wav_filesize,transcript
common_voice_kab_20229352.wav,68396,ar melmi
common_voice_kab_20229356.wav,102188,deg wul-ik tebren testent
common_voice_kab_20229359.wav,85292,leḥmala tettfeggiḍ
common_voice_kab_20229358.wav,148268,taṣebḥit mazal itran yesseglaf ur yettsetḥi
common_voice_kab_20229508.wav,172076,ihi ẓẓadent tlawin azemmur-a akkit deg yixxamen-nsent
common_voice_kab_20229507.wav,138284,iɛedda ɛumer ɛzizen i tiṭ i t-iẓran
common_voice_kab_20229511.wav,81452,akraren la ṭṭafaren
common_voice_kab_20229506.wav,100652,itbeε addal iǧǧa leqraya
common_voice_kab_20229546.wav,153644,imiren agdud iḥbes ur d-ittawi ara aman
common_voice_kab_20229548.wav,119852,deg unebdu-nni kan tedda d tislit
common_voice_kab_20229547.wav,98348,tebbeḥbeḥ taɣect-iw seg usuɣu
common_voice_kab_20229549.wav,75308,aten-a deg umihi
common_voice_kab_20229550.wav,181292,di lweqt-nni iban-d yuḥenna aɣeṭṭaṣ
common_voice_kab_20229576.wav,89900,ur d-ttbanen ara imusnawen
common_voice_kab_20229578.wav,139052,kerheɣ mi ara serḥen mliḥ i ṣṣut n tilifizyu
common_voice_kab_20229579.wav,105260,s tafukt ad telhu tfelwit
common_voice_kab_20229580.wav,104492,yenna-d azul
common_voice_kab_20229603.wav,95276,netta d imsuji n wul
common_voice_kab_20229608.wav,162860,d iseɛdiyen wid yesɛan ṛṛeḥma axaṭer ad afen ṛṛeḥma
common_voice_kab_20229609.wav,122156,mkul dkeṛ ad yili d ayla n umeɣlal
common_voice_kab_20229610.wav,110636,wigi ur sen-ittunefk ara
common_voice_kab_20229621.wav,165932,ma d tameṭṭut ɛecṛa n iṣurdiyen kan ad qadden
common_voice_kab_20229627.wav,86828,nɣant-am-tt
common_voice_kab_20229628.wav,106028,ad t-ǧǧeɣ ad yers
common_voice_kab_20229632.wav,292652,aggagen d yimsujjiyen d taluft n yimuḍan akked remḍan abeɛda wid yettidiren s waṭṭanen idumen
common_voice_kab_20229635.wav,94508,azul fell-awen meṛṛa
common_voice_kab_20229645.wav,119852,mačči d yir aterras
common_voice_kab_20229647.wav,98348,ttxil-k ɛiwed
common_voice_kab_20229648.wav,116012,rnan lexwal d yiderma
common_voice_kab_20229650.wav,192044,ad ixdem s idammen-nni ayen yexdem s idammen n uɛejmi
common_voice_kab_20229652.wav,99116,ṭṭaq neɣ agnir
common_voice_kab_20229662.wav,81452,tɣaḍ-iken tinna
common_voice_kab_20229657.wav,96812,udem-is merra wwten-t yiḍerfan
common_voice_kab_20229681.wav,123692,aṭan n teqbaylit yuɣ iẓuran-nsen
common_voice_kab_20229673.wav,86828,nesɛa seg-s
common_voice_kab_20229664.wav,150572,teẓdem fella-s temmeɣ-as ɣef temgerṭ akken a tt-texneq
common_voice_kab_20229685.wav,75308,yekkes-itt-id
common_voice_kab_20229689.wav,73772,fkiɣ-as kullec i tom
common_voice_kab_20229690.wav,90668,taqellaɛt ad aɣ-tezgel
common_voice_kab_20229693.wav,86828,yuɣal yuba d amuḍin
common_voice_kab_20229688.wav,61484,lli
common_voice_kab_20229713.wav,108332,netta d imsuji n wul
common_voice_kab_20229714.wav,119084,acḥal deg leεmer umeɣrad
common_voice_kab_20229715.wav,96044,yebda-t-id lxuf
common_voice_kab_20229717.wav,91436,qqaren-as afulkay
common_voice_kab_20229728.wav,238124,err ssuq sdat n tewwurt-ik lmeɛna-as aɣ-d tagmert yes-s ad yili ssuq yeqreb
common_voice_kab_20229729.wav,78380,acḥal n lweqt
common_voice_kab_20229730.wav,74540,ad as-ten-id-tawiḍ
common_voice_kab_20229737.wav,73772,iweddeṛ-it
common_voice_kab_20229731.wav,89900,isuḍ waḍu di ṛṛeḥba
common_voice_kab_20229742.wav,73772,jemɛen-tt
common_voice_kab_20229738.wav,90668,rnu eḍṣ
common_voice_kab_20229744.wav,70700,ččan-tt
common_voice_kab_20229746.wav,106796,ttuɣ akk ayen ifuten
common_voice_kab_20229748.wav,69932,tesbeɣ-as-ten
common_voice_kab_20229754.wav,214316,lfen d azwel n album amezwaru n ucennay ilemẓi muḥend ameẓyan mula
common_voice_kab_20229772.wav,110636,tfakkeḍ-as-t
common_voice_kab_20229784.wav,87596,brant-ak
common_voice_kab_20229786.wav,179756,ad d-mudden afus deg usnerni n teqbaylit deg umaḍal umdin
common_voice_kab_20229788.wav,75308,tenniḍ-d
common_voice_kab_20229790.wav,101420,ur iṛuḥ ḥedd ar dina
common_voice_kab_20229789.wav,96044,allaɣ-ik yella deg uqerru-k
common_voice_kab_20229793.wav,77612,a-t-a ikcem-d wayeḍ
common_voice_kab_20229791.wav,136748,amɣar mi ibbehba i t-inefɛen ala lmuta
common_voice_kab_20229830.wav,111404,ad d-kkreɣ ad ḥusseɣ i uqerruy-iw ẓẓay
common_voice_kab_20229832.wav,67628,tenniḍ-d
common_voice_kab_20229827.wav,142892,win yebɣan ad iyi-rreẓ ma yezmer kan i lxedma
common_voice_kab_20229834.wav,110636,anda-ten yimcac-ik
common_voice_kab_20229841.wav,99884,medlet adlis-nwen
common_voice_kab_20229839.wav,122924,ur tessuliḍ acemma
common_voice_kab_20229838.wav,116012,beṭleɣ aɣerbaz
common_voice_kab_20229847.wav,115244,iɛedda wayyur segmi i ssneɣ kahina
common_voice_kab_20229840.wav,104492,yeɣli wazal-iw
common_voice_kab_20229848.wav,104492,ɣas ssensen itran deg tudrin
common_voice_kab_20229851.wav,89132,anda-ten yimcac-ik
common_voice_kab_20229874.wav,78380,medlet adlis-nwen
common_voice_kab_20229877.wav,100652,yenqec tizemrin-is
common_voice_kab_20229875.wav,124460,d baba-m tom
common_voice_kab_20229878.wav,110636,tḥemmel igerdan
common_voice_kab_20229886.wav,78380,ṣub d akessar
common_voice_kab_20229879.wav,104492,yella kra ilaq ad t-ḥsuɣ
common_voice_kab_20229881.wav,208940,agdud ittlummu di musa iqqar-as d acu ara nsew
common_voice_kab_20229890.wav,103724,lqil nqeyyel
common_voice_kab_20229896.wav,95276,terramt-aɣ-ten-id
common_voice_kab_20229903.wav,88364,ad tt-id-tuqmemt
common_voice_kab_20229908.wav,83756,iyyamt ad tceḍḥemt
common_voice_kab_20229910.wav,131372,teǧǧa akk ixemmimen-ines di rrif
common_voice_kab_20229914.wav,136748,yecfa mi i d as-yenna ur tett ala s tamment
common_voice_kab_20229915.wav,123692,iniɣ-kem d lǧuher
common_voice_kab_20229916.wav,115244,ttferfiren yigḍaḍ
common_voice_kab_20229919.wav,102956,tettkemmil tsestant
common_voice_kab_20229922.wav,89900,ur yettwaselkam ara
common_voice_kab_20229921.wav,114476,d lqahwa i itess
common_voice_kab_20229933.wav,113708,awi-d ul-ik tuγaleḍ-d γer tmeγra
common_voice_kab_20229930.wav,104492,ad aɣ-d-ldint akk tewwura n rrbeḥ
common_voice_kab_20229935.wav,113708,besseḥ ur ssineγ ara ad εummeγ
common_voice_kab_20229939.wav,85292,assaɣir d ajeǧǧig
common_voice_kab_20229971.wav,99884,kenwi d iselmaden neɣ ala
common_voice_kab_20229942.wav,88364,tarzeft-a i kečč
common_voice_kab_20229974.wav,180524,d acennay ameqqran maca ur yessin ad yehder gar medden
common_voice_kab_20229972.wav,77612,alɣem-a i nnu
common_voice_kab_20229977.wav,193580,si mḥemmed iburek daɣen ferɛun imiren iffeɣ-d sɣur ferɛun
common_voice_kab_20229980.wav,74540,ur tent-ttesseɣ ara
common_voice_kab_20229983.wav,225068,tikti n lebni n usebddad-agi n cacnaq tusa-aɣ-d asmi nesfugel yennayer iɛeddan
common_voice_kab_20229985.wav,119852,tḥemmel tidet deg tudert-is n yal ass
common_voice_kab_20229986.wav,108332,xdem cemma-cemma
common_voice_kab_20229989.wav,108332,mačči akka ara teḍru
common_voice_kab_20229997.wav,165932,tameddit-a ad ak-n-ceggεeɣ tansa n usmel-nni
common_voice_kab_20230005.wav,74540,ad m-tt-fkent
common_voice_kab_20230022.wav,91436,lqil nqeyyel
common_voice_kab_20230023.wav,132140,akken tɣelli zzarriɛa i tmeɣɣi
common_voice_kab_20229994.wav,258860,summlen leεḍil meqqren yellan deg usenfar-agi n tnezduɣin i la traǧun ugar n xemsa n yiseggasen-aya
common_voice_kab_20230027.wav,138284,s wakka terẓam awal n yillu s lɛadda-nwen
common_voice_kab_20230034.wav,84524,yettḥawal tameslayt
common_voice_kab_20230052.wav,92204,deg tmurt i tezweǧ
common_voice_kab_20230047.wav,182828,yusa-d lamer-agi akken ibulisen-a ad sǧehden laman deg unnar
common_voice_kab_20230053.wav,96044,twalam kan cci i yesɛa
common_voice_kab_20230056.wav,78380,ṣekkṛem allen-nwen
common_voice_kab_20230064.wav,101420,teglamt yes-s
common_voice_kab_20230060.wav,106796,dɣa yesker ssuq sdat uxxam-is
common_voice_kab_20230096.wav,167468,afṛux bu uḥelqum abṛik n lebḥeṛ aṛdaf
common_voice_kab_20230097.wav,159020,sya ar yimir yegra-d kan ad awen-d-nini afud igerrzen
common_voice_kab_20230100.wav,79916,ma tebɣam
common_voice_kab_20230106.wav,68396,tebded
common_voice_kab_20230128.wav,182828,illu isemma i tafat ass ma d ṭṭlam isemma-as iḍ
common_voice_kab_20230121.wav,245804,asmi ur d-leqqḍen ara aṭas n uzemmur zemrent ad t-zḍent tlawin deg yixxamen-nsent
common_voice_kab_20230131.wav,132908,awi-d ul-ik tuγaleḍ-d γer tmeγra
common_voice_kab_20230136.wav,112172,kenwi d iselmaden neɣ ala
common_voice_kab_20230139.wav,115244,netta yeḥsa tudert maci d imenɣi
common_voice_kab_20230160.wav,73004,ad d-ccetkiḍ
common_voice_kab_20230167.wav,122156,axxam-a deg sin ad t-nsali
common_voice_kab_20230164.wav,76844,drus
common_voice_kab_20230144.wav,128300,ssusef s igenni ad d-uɣalent s udem-ik
common_voice_kab_20230169.wav,95276,teɛǧeb-iyi ustṛalya
common_voice_kab_20230175.wav,113708,win yessetḥan yeffeɣ s agni
common_voice_kab_20230172.wav,281132,mi refden wat ɛebbas allen-nsen walan ferɛun itteddu-d dɣa fehmen belli iɛraben tebɛen-ten-id
common_voice_kab_20230184.wav,113708,tewɛeṛ tudert-iw
common_voice_kab_20230194.wav,110636,tella d lbaḍna-nneɣ
common_voice_kab_20230206.wav,86060,ad as-tt-tɛeṛḍeḍ
common_voice_kab_20230204.wav,96812,yeẓra yuba ugar
common_voice_kab_20230207.wav,106796,neḥder tudert tettfat
common_voice_kab_20230213.wav,103724,ruḥ ad teṭṭseḍ ruḥ
common_voice_kab_20230225.wav,78380,ffeẓ iles-ik
common_voice_kab_20230266.wav,111404,weḥd-k i telliḍ da
common_voice_kab_20230338.wav,113708,uccen ad yečč tizermatin
common_voice_kab_20230333.wav,218156,tedleḍ iman-ik d tesnakta-k sdaxel n tmuɣli d tesnakta n yiwudam-ik
common_voice_kab_20230341.wav,147500,lɛebd alemmam iteẓẓu ilili deg uxxam
common_voice_kab_20230342.wav,107564,iberdan akk sufuɣen
common_voice_kab_20230343.wav,123692,afwad yečča-t buseṭṭaf
common_voice_kab_20230349.wav,131372,sskeṛ diri-t i tuɣmas-ik
common_voice_kab_20230358.wav,108332,ur d-ttnekkaren ara
common_voice_kab_20230371.wav,86828,tebɣa-t
common_voice_kab_20230361.wav,166700,ayen akk i d am-nniɣ leqqem-it aru-t d ungal
common_voice_kab_20230376.wav,109868,trewlem i tmara
common_voice_kab_20230384.wav,111404,icewwel-it winna
common_voice_kab_20230386.wav,115244,ur d-yecbi ara deg-k tom
common_voice_kab_20230380.wav,129836,ḥemmleɣ-kem tezgiḍ deg usentel
common_voice_kab_20230418.wav,129068,ur cfin ara fell-i
common_voice_kab_20230422.wav,105260,tarzeft-a i kečč
common_voice_kab_20230430.wav,93740,nnan-d
common_voice_kab_20230424.wav,112172,tayri tessedhay ulawen
common_voice_kab_20230432.wav,103724,ɛni telluẓem
common_voice_kab_20230431.wav,143660,a la yettru kan
common_voice_kab_20230442.wav,100652,ur teɣɣar ara aẓawan
common_voice_kab_20230475.wav,143660,anwa i am-yeslemden ccḍeḥ
common_voice_kab_20230477.wav,184364,nekk ceggɛeɣ-as iɣid-nni d nettat ur tufiḍ ara
common_voice_kab_20230447.wav,112172,d acu i kent-id-iwwin ɣur-i
common_voice_kab_20230480.wav,106796,ad as-ten-id-tawiḍ
common_voice_kab_20230478.wav,132908,tettkemmil tsestant
common_voice_kab_20230482.wav,159788,melmi i tezmer ad tili deg-s s wudem azayez ɣef tmuɣli-k
common_voice_kab_20230483.wav,143660,ad tt-reqmeɣ s yifeddixen akken ad tennecɛaf
common_voice_kab_20230500.wav,117548,s lfeḍl n nnbi amerbuḥ
common_voice_kab_20230489.wav,139052,lekyasa tettwaɛqal s lefɛayel-is
common_voice_kab_20230448.wav,183596,anida tella nneyya aḥayek ad idel meyya
common_voice_kab_20230505.wav,96044,nɣellet
common_voice_kab_20230516.wav,129836,txuṣṣ lɣella n yilindi
common_voice_kab_20230520.wav,110636,nekk mačči am tidak
common_voice_kab_20230530.wav,92972,ɛiwed asiwel
common_voice_kab_20230531.wav,109100,ittkel ɣef yillu
common_voice_kab_20230533.wav,74540,skaddbeɣ
common_voice_kab_20230534.wav,135212,mi yewweḍ yusef s atmaten-is kksen-as aqendur-is
common_voice_kab_20230532.wav,105260,am uqelwac iwesren
common_voice_kab_20230535.wav,93740,ɛni telluẓem
common_voice_kab_20230538.wav,82220,nadit deg usegzawal
common_voice_kab_20230544.wav,102188,yelha-yam ulaɣmu-nni
common_voice_kab_20230542.wav,64556,uzuren
common_voice_kab_20230545.wav,121388,superman d yiwen seg isaṭṭen ifazen
common_voice_kab_20230546.wav,89132,tečča seksu d asgal
common_voice_kab_20230557.wav,95276,ahat mazal yeṭṭes
common_voice_kab_20230558.wav,84524,ufan-t
common_voice_kab_20230560.wav,112172,ad wen-iniɣ yugar nnbi
common_voice_kab_20230567.wav,106028,axxam-a deg sin ad t-nsali
common_voice_kab_20230559.wav,162092,ttaɛraḍeɣ ad iliɣ am tullas akk akken kan ur ttaḍsan ara fell-i
common_voice_kab_20230575.wav,78380,bḍant-akent-tt-id
common_voice_kab_20230576.wav,175148,amek ara yeslugen tamaziɣt win ur nessin ara ula d tira tumrist
common_voice_kab_20230577.wav,120620,ssneɣ iman-iw nezzeh
common_voice_kab_20230578.wav,105260,sḥissef
common_voice_kab_20230579.wav,117548,d acu yellan gar-i yid-sen
common_voice_kab_20230587.wav,135980,ass-nni i d-yuki deg-i wayen ttqemmiḍeɣ achal aya
common_voice_kab_20230581.wav,115244,anwa ara t-yamnen
common_voice_kab_20230590.wav,69164,ulamek
common_voice_kab_20230607.wav,90668,waqil εelmen merra
common_voice_kab_20230591.wav,167468,limer ur ḥmin ara yidammen-iw ur iyi-tettarra ara tmara ɣer wanect-a
common_voice_kab_20230588.wav,63020,sṭebṭeb
common_voice_kab_20230610.wav,187436,nekkni s yiɛeggalen n useqqamu aɣerfan n lwilaya negzem-itt di ṛṛay
common_voice_kab_20230608.wav,67628,tesfeqdem-tt
common_voice_kab_20230611.wav,175148,ma ur tuli ara tagut-nni ur ttḥerriken ara alamma tuli
common_voice_kab_20230612.wav,119084,tawaɣit tezwar tayeḍ
common_voice_kab_20230614.wav,93740,ttxil-m err-d
common_voice_kab_20230616.wav,107564,amkan-im mačči yid-neɣ
common_voice_kab_20230615.wav,63788,nekreɣ
common_voice_kab_20230627.wav,99116,yuba yettban d idetti
common_voice_kab_20230629.wav,73004,tesfeqdem-t
common_voice_kab_20230628.wav,73772,mačči d amulli-inek
common_voice_kab_20230660.wav,90668,s lfeḍl-ik a bab n leḥsan
common_voice_kab_20230630.wav,128300,wali amgired gar tsuqilin yettwafernen
common_voice_kab_20230664.wav,73772,tura ɛeqleɣ-k
common_voice_kab_20230666.wav,155948,yewweḍ-d lawan ad berzeɣ kra deg umuɣ-iw n yemdukal
common_voice_kab_20230665.wav,103724,rran-as akk ad ittwaṣelleb
common_voice_kab_20230667.wav,82988,ncukk-it d akeddab
common_voice_kab_20230668.wav,83756,yufeg yijider
common_voice_kab_20230682.wav,158252,ad kren akk ɣef tikelt ad xedmen ayen i ɣef msefhamen
common_voice_kab_20230689.wav,77612,tabɣest
common_voice_kab_20230671.wav,64556,ɣṛet
common_voice_kab_20230703.wav,79148,ur iyi-iḥemmel ara
common_voice_kab_20230704.wav,123692,akken teḥma ccetwa ara yismiḍ unebdu
common_voice_kab_20230711.wav,270380,ad sseddun deg usebter i yiman-is isallen-a isem azemz d wadeg n tlalit uṭṭun n tilifun
common_voice_kab_20230720.wav,99116,tessnemt tajuṛjit
common_voice_kab_20230670.wav,64556,steɛṛef
common_voice_kab_20230723.wav,124460,ur t-yexdim ara d ccɣel
common_voice_kab_20230724.wav,66092,zweṛ
common_voice_kab_20230725.wav,120620,awal aneṣli ugin-t
common_voice_kab_20230747.wav,62252,zebleḥ
common_voice_kab_20230758.wav,250412,abrid-agi la yettwaxdamen amur ixeddem ugezdu n tizi uzzu imuhal-is imeqqranen kfan
common_voice_kab_20230760.wav,122156,ur yexdim ara lbaṭel
common_voice_kab_20230762.wav,115244,ad sen-ten-id-yawi
common_voice_kab_20230759.wav,138284,d zzit timqeddest ḥesbet-tt d timqeddest
common_voice_kab_20230770.wav,153644,a gma ḥder iman-ik tenɣiḍ akk medden s tismin
common_voice_kab_20230774.wav,79148,yuɣa tanummi
common_voice_kab_20230764.wav,82220,ad wen-ten-tefk
common_voice_kab_20230776.wav,115244,telha tezmilt-im
common_voice_kab_20230792.wav,143660,seg yimir-nni rniɣ ɣunfaɣ irgazen ugar
common_voice_kab_20230793.wav,91436,tectaq ussan n tefsut
common_voice_kab_20230794.wav,118316,mbeɛd indem dɣa iṛuḥ
common_voice_kab_20230796.wav,198188,i lmend n tfaska-nni dɣa yettunefk-ak warraz kaysa xalifi n usideg
common_voice_kab_20230795.wav,89900,fakken-asent-tt
common_voice_kab_20230806.wav,79148,avilu-a inu
common_voice_kab_20230805.wav,87596,ẓriɣ-t d aεeryan
common_voice_kab_20230823.wav,78380,ad ɣ-t-id-yawi
common_voice_kab_20230822.wav,120620,teẓriḍ belli yiweḍ-aɣ-d baba-s ɣer da s axxam
common_voice_kab_20230830.wav,175148,yesssen tawant uderwic nni tumert-is ur tt-yessaweḍ yiwen
common_voice_kab_20230825.wav,92204,talwit tif tawant
common_voice_kab_20230832.wav,155948,temmeɣ tessers aḍad-ines ɣef tqeffilt n nnaqus
common_voice_kab_20230833.wav,86828,ḥadret taseṭṭa
common_voice_kab_20230835.wav,72236,yeẓweṛ
common_voice_kab_20230836.wav,92204,mačči d lɛar usuden
common_voice_kab_20230855.wav,99116,ṭukkek
common_voice_kab_20230857.wav,82988,ur yesεi azal
common_voice_kab_20230862.wav,140588,ayagi d ayen i yeɛeǧben i ferɛun akked iqeddacen-is
common_voice_kab_20230863.wav,92972,ssexdameɣ firefox
common_voice_kab_20230864.wav,141356,awali tettwalim lameɛna ur tfeṛṛzem ara
common_voice_kab_20230880.wav,148268,takfarinas iɛac meyya u tlata u tlatin n iseggasen
common_voice_kab_20230881.wav,77612,ay imelqaḍen
common_voice_kab_20230884.wav,70700,yerra-yam-tt-id
common_voice_kab_20230888.wav,76076,nɣiɣ-awen-ten
common_voice_kab_20230911.wav,110636,yuba yesrugmut
common_voice_kab_20230919.wav,79148,ay iḥellufen
common_voice_kab_20230916.wav,242732,imuqel-itt miḥyaf yenna-as yak nniɣ-am nekk isem-iw miḥyaf win ixedmen kra ad t-yaf
common_voice_kab_20230927.wav,116012,d timdukal n ṣṣeḥ
common_voice_kab_20230929.wav,99884,la t-yettnadi
common_voice_kab_20230935.wav,103724,meskin ičča taxsayt
common_voice_kab_20230931.wav,86828,ẓẓan isekla
common_voice_kab_20230957.wav,82220,turwem-d isefra
common_voice_kab_20230939.wav,182828,ad sentunt isegra deg lqaɛa yiwet s ihin yiwet sya
common_voice_kab_20230959.wav,236588,ddem-d yiwen seg wakraren-nni sakin haṛun akked warraw-is ad sersen ifassen-nsen ɣef uqerru-s
common_voice_kab_20230960.wav,82988,am kemm i ttwaliɣ
common_voice_kab_20230961.wav,139052,la tettwaliḍ wigi yellan ddeffir-m akk sɛan iɣeblan
common_voice_kab_20230964.wav,132908,tesla-yas la yettru
common_voice_kab_20230971.wav,101420,yiwen ur yettwaqbal
common_voice_kab_20230972.wav,76076,ḥemmleɣ ad inigeɣ
common_voice_kab_20230973.wav,92204,jelleb tijellibin
common_voice_kab_20230958.wav,127532,d tidet dɣa iberdan akk ssufuɣen
common_voice_kab_20230976.wav,86828,tesseṛɣeḍ-aɣ-tent
common_voice_kab_20230982.wav,190508,di tazwara tella tettcukku deg-s lameɛna tura ulac din ccek
common_voice_kab_20230981.wav,172844,tura akka tezmer ad tettru ma tebɣa ad ttmeǧǧed maɛlic
common_voice_kab_20230983.wav,82988,yuba yettucewwel
common_voice_kab_20230984.wav,79148,mazal yeḥma
common_voice_kab_20230985.wav,122924,ur tturareɣ ara ddabex deg taggara n ddurt
common_voice_kab_20230997.wav,119852,ini ihi d akellex i aɣ-tettkellix
common_voice_kab_20230998.wav,79148,yiwet yiwet
common_voice_kab_20231003.wav,82220,ur t-ɣriɣ ara
common_voice_kab_20231000.wav,70700,tṛuḥ-awen
common_voice_kab_20231004.wav,70700,tɣuṛṛem-iyi
common_voice_kab_20231005.wav,99116,tessendef-d lǧerḥ n wul-iw
common_voice_kab_20231008.wav,112172,mi ara ad nili d imecṭaḥ kullec yettban-aɣ-d meqqer
common_voice_kab_20231007.wav,150572,musa yenna i umeɣlal di leɛnaya-k a sidi
common_voice_kab_20231006.wav,93740,xdem-iyi lemzeyya
common_voice_kab_20231009.wav,121388,taɣult-iw teldi-yi akk tiwura
common_voice_kab_20231010.wav,159020,qqaren ma telha ṭṭejṛa lfakya-s ad telhu
common_voice_kab_20231012.wav,86828,telsa iqaciren
common_voice_kab_20231013.wav,108332,mebla rebbi ar d-negri di craɛ
common_voice_kab_20231015.wav,134444,ala ad d-tettwanefḍeḍ alamma d laxeṛt
common_voice_kab_20231014.wav,73772,nneṣṛaɛeɣ
common_voice_kab_20231016.wav,97580,tiẓgi teččur d luḥuc
common_voice_kab_20231017.wav,91436,anda t-id-tusa din
common_voice_kab_20231019.wav,81452,melmi ad kent-iẓeṛ
common_voice_kab_20231020.wav,94508,d nekk i d awanek
common_voice_kab_20231021.wav,73772,a wer kkrent
common_voice_kab_20231022.wav,119084,mmektit-d ilindi
common_voice_kab_20231023.wav,113708,tbeddel ula di ṣṣifa
common_voice_kab_20231024.wav,125228,yella ḥedd i yeḍsan
common_voice_kab_20231025.wav,86060,mačči d tanelmadt
common_voice_kab_20231026.wav,100652,ad iyi-tsamḥem ttxil-wet
common_voice_kab_20231027.wav,106796,bab n twizi ad d-yini
common_voice_kab_20231028.wav,119852,mkul duṛu deg-s ɛecrin n uṣurdi
common_voice_kab_20231029.wav,88364,d εeyyu i εeyyuɣ acemma
common_voice_kab_20231030.wav,73004,walimt dɣa
common_voice_kab_20231035.wav,96812,truḥ ad tẓer anwa
common_voice_kab_20231038.wav,130604,nnan asif ma iḥmel-d ur t-id-iḥebbes wuffal
common_voice_kab_20231039.wav,78380,tbeddel ula di ṣṣifa
common_voice_kab_20231049.wav,160556,aɣṣab d yiberdan yekkren i d timentelt n twaɣiyin
common_voice_kab_20231037.wav,56108,ugint
common_voice_kab_20231053.wav,124460,nɣil d isɣaren tewwim isɣaren
common_voice_kab_20231061.wav,88364,fakeɣ-asent-ten
common_voice_kab_20231063.wav,83756,d icriken i nella
common_voice_kab_20231065.wav,84524,heggant i waffug
common_voice_kab_20231071.wav,67628,ahat xaṭi
common_voice_kab_20231082.wav,77612,yebḍa-yak-tent-id
common_voice_kab_20231085.wav,116012,teddem-itent zgelli
common_voice_kab_20231087.wav,149036,d aɛejmi neɣ d izimer d ayla n umeɣlal
common_voice_kab_20231073.wav,64556,berrḥeɣ
common_voice_kab_20231092.wav,85292,ur tt-tḥemmlemt ara
common_voice_kab_20231095.wav,72236,tettqeṣṣir
common_voice_kab_20231097.wav,92972,nheṛ s leɛqel
common_voice_kab_20231117.wav,80684,tfakk-akent-tt
common_voice_kab_20231118.wav,169004,yasuɛ inna-as aql-ak tenniḍ-t-id
common_voice_kab_20231119.wav,85292,ad asen-t-yefk
common_voice_kab_20231120.wav,152876,anwa i yezemren i tmes ma yeɛzel weḥd-s
common_voice_kab_20231124.wav,82220,yeɣli deg wul-nsen
common_voice_kab_20231121.wav,119852,ma tebɣiḍ ad d-taseḍ yya
common_voice_kab_20231126.wav,99884,iḍ ameggaz a massa
common_voice_kab_20231123.wav,130604,tessaked akin akka ur yelli ḥed
common_voice_kab_20231129.wav,101420,ttxil-wet afet-t-id
common_voice_kab_20231132.wav,83756,yečča tiɣrit
common_voice_kab_20231143.wav,151340,si rezqi d argaz n lɛali medden merra ttqadaren-t
common_voice_kab_20231145.wav,90668,yuba yettaɣ awal
common_voice_kab_20231146.wav,107564,argaz-is yuɣal-as d waɣzen
common_voice_kab_20231147.wav,298796,deg uxeddim-agi ad neɛreḍ ad yili di tazwara di temdint n tizi uzzu syin akin ad nessewseɛ ɣer tudrin
common_voice_kab_20231149.wav,96812,tedda d tislit
common_voice_kab_20231148.wav,174380,tamusni n wass-a d tafat n uzekka
common_voice_kab_20231150.wav,96812,ɣeṛ ar wexxam
common_voice_kab_20231151.wav,103724,tettak tudert i tniri
common_voice_kab_20231152.wav,99116,iḥya-d am wakken i t-id-inna
common_voice_kab_20231171.wav,96812,ddu d uḍaṛ-ik a tom
common_voice_kab_20231175.wav,112940,lferḥ n ferruǧa yewweḍ s igenni
common_voice_kab_20231179.wav,92204,tedda-d yid-m
common_voice_kab_20231177.wav,73004,bḍut-aɣ-tt-id
common_voice_kab_20231180.wav,309548,ilguritmen-a ttwaxedmen akken iselkimen ad lemden amek tetteddu telɣa akked tseddast neɣ tajerrumt n teqbaylit
common_voice_kab_20231181.wav,226604,ddaw n unnar anda yella uḥaḍun d axmuj n usizdeg immug am lberka
common_voice_kab_20231182.wav,71468,ur stufaɣ ara
common_voice_kab_20231185.wav,89132,d tamcumt
common_voice_kab_20231184.wav,89900,nemlal-d deg usarug
common_voice_kab_20231187.wav,71468,bdu
common_voice_kab_20231188.wav,91436,acḥal i tcebḥeḍ
common_voice_kab_20231189.wav,134444,ula d nutenti zewjent s yexxamen-nsent
common_voice_kab_20231195.wav,122924,a nnger-im a friqat
common_voice_kab_20231200.wav,242732,ffint-d aman s ugdur
common_voice_kab_20231201.wav,78380,yeqfel
common_voice_kab_20231204.wav,96044,ad m-ten-yeɛṛeḍ
common_voice_kab_20231205.wav,84524,azul fell-awen meṛṛa
common_voice_kab_20231206.wav,138284,irgazen-nni tɛeǧǧben nnan anwa-t wagi
common_voice_kab_20231207.wav,66860,a winna
common_voice_kab_20231208.wav,287276,ilguritmen-a ttwaxedmen akken iselkimen ad lemden amek tetteddu telɣa akked tseddast neɣ tajerrumt n teqbaylit
common_voice_kab_20231209.wav,70700,textaṛ-ik
common_voice_kab_20231210.wav,87596,ad yeddu yid-k
common_voice_kab_20231211.wav,93740,nella nemyeḥmal
common_voice_kab_20231212.wav,248108,eǧǧ-iyi ad awiɣ wa
common_voice_kab_20231216.wav,149804,yemmeɣ ad as-yedlu i llufan ɣer dduḥ
common_voice_kab_20231214.wav,96044,tif tdawsa tabaɣurt
common_voice_kab_20231217.wav,122924,win yessirmen kra ad d-yini
common_voice_kab_20231218.wav,142892,d kečč i d nniya d kečč i d abuheyyuf
common_voice_kab_20231230.wav,159020,iwwi-yaɣ-d argaz aɛibṛani akken ad ilɛeb fell-aɣ
common_voice_kab_20231228.wav,76076,yerfa fell-am
common_voice_kab_20231231.wav,113708,ur tessineḍ ara d acu i d ṭerṭara
common_voice_kab_20231232.wav,112940,bezzaf i itett tom
common_voice_kab_20231233.wav,102956,yella ḥedd i yegnen daki
common_voice_kab_20231239.wav,98348,ad yeɛmer uxxam-inu
common_voice_kab_20231240.wav,112940,yuba yuɣal yesseḍ
common_voice_kab_20231241.wav,86060,yeskerkur umcic
common_voice_kab_20231242.wav,92204,tessṛeɣ-akent-t
common_voice_kab_20231244.wav,99116,ayweq i iṛuḥ tom
common_voice_kab_20231243.wav,76844,textareḍ asentel
common_voice_kab_20231245.wav,119084,ɣur-k ara sendent tullas
common_voice_kab_20231246.wav,121388,anwa wa d nekk
common_voice_kab_20231253.wav,96812,ǧǧemt-iyi ad ɛeddiɣ
common_voice_kab_20231247.wav,102188,fehmeɣ iḥulfan-ik
common_voice_kab_20231254.wav,81452,deg lɣeṛḍ-ik
common_voice_kab_20231255.wav,84524,meyyez s tifrirt
common_voice_kab_20231257.wav,100652,ad tt-tesseɣlim
common_voice_kab_20231258.wav,97580,mazal ad nezhu ad nqeṣṣer
common_voice_kab_20231260.wav,76844,la ken-ttnadin
common_voice_kab_20231263.wav,132908,ldint tewwura n umaḍal amaynut deg-i
common_voice_kab_20231266.wav,106028,iyya ad necḍeḥ
common_voice_kab_20231267.wav,92204,la tent-tettnadim
common_voice_kab_20231278.wav,86828,qqimet
common_voice_kab_20231279.wav,69164,akka i tebɣiḍ
common_voice_kab_20231280.wav,155948,tiwaɣiyin n yiberdan uɣalent d aṭṭan n tsuta
common_voice_kab_20231283.wav,93740,acḥal ara tesεeddimt da
common_voice_kab_20231288.wav,79148,ad tedduḍ yid-sen
common_voice_kab_20231291.wav,165932,tareɣla n llebsa akked treɣla n yexxamen neǧsent
common_voice_kab_20231292.wav,72236,ḍṣan akk
common_voice_kab_20231293.wav,69932,terram
common_voice_kab_20231295.wav,63020,d yessi
common_voice_kab_20231296.wav,139820,tameṭṭut s yimeṭṭawen d lxuf d taqcict
common_voice_kab_20231297.wav,67628,ad k-tent-yefk
common_voice_kab_20231303.wav,86828,qqim anda telliḍ
common_voice_kab_20231305.wav,181292,nniɣ-d ih neɣ xaṭ ul-iw ur yettagi
common_voice_kab_20231309.wav,78380,ifeɣ-tt
common_voice_kab_20231315.wav,89900,ttidireɣ deg tokyo
common_voice_kab_20231317.wav,122924,akken akk i s-nwan
common_voice_kab_20231320.wav,158252,akka i as-tḍerru i uzemmur-nni i d-yewwin ad yettwakkes d azegzaw
common_voice_kab_20231327.wav,194348,nwala tɛerḍeḍ kra n yilguritmen akken ad tegzu tmacint tajerrumt n teqbaylit
common_voice_kab_20231331.wav,86060,truḥ-iyi lbenna n tudert
common_voice_kab_20231335.wav,109100,i iṛebba lqayed di leɛli
common_voice_kab_20231339.wav,99884,ḍefṛet tirga-nwen
common_voice_kab_20231348.wav,114476,sami i caweṛ layla
common_voice_kab_20231350.wav,78380,yeceḍ yiles
common_voice_kab_20231349.wav,82988,yiwen ur k-yegzi
common_voice_kab_20231351.wav,82988,ẓṛiɣ tesɛamt lḥeq
common_voice_kab_20231353.wav,84524,ur lliɣ d amẓiw
common_voice_kab_20231355.wav,73004,aman ttxil-m
common_voice_kab_20231356.wav,78380,ad twexxṛeḍ syin
common_voice_kab_20231354.wav,64556,ṛuḥent-awen
common_voice_kab_20231357.wav,82988,wehmeɣ d acu yeḍran
common_voice_kab_20231374.wav,87596,kemm smurǧuḥ
common_voice_kab_20231376.wav,102956,xdem tafeḍ
common_voice_kab_20231373.wav,127532,i wass-a yella kra n umaynut
common_voice_kab_20231383.wav,185132,ma deg wass i d-iḍra wayagi win ara t-inɣen d tamgerṭ
common_voice_kab_20231387.wav,208940,illu yexdem ayen yelhan i lqiblat-nni agdud ittzid irennu di lǧehd
common_voice_kab_20231584.wav,92972,lemmer medden akk akka
common_voice_kab_20231585.wav,119852,ɣer lebḥer iger iman-is
common_voice_kab_20231586.wav,92972,brant-asen
common_voice_kab_20231588.wav,84524,teḥma lqahwa-nni
common_voice_kab_20231587.wav,86060,ad tent-tseggmeḍ
common_voice_kab_20231644.wav,177452,yiwen n wass deg wussan n tegrest mi lliɣ ḍelqeɣ ɣef wussu
common_voice_kab_20231646.wav,299564,agellel ameqqran yella-d s tuget deg wayen yerzan tadamsa d tmettit
common_voice_kab_20231647.wav,141356,nɣil ahat ad kem-id-yuɣal leɛqel yiman-im
common_voice_kab_20231641.wav,64556,skikeḍ
common_voice_kab_20231649.wav,90668,ad sekren aɣṛum
common_voice_kab_20231654.wav,86828,la t-tettnadim
common_voice_kab_20231655.wav,126764,ur ssineɣ ara abrid ɣer unarar
common_voice_kab_20231656.wav,95276,tecεel-d tafat
common_voice_kab_20231657.wav,98348,ad sen-tt-teɛṛeḍ
common_voice_kab_20231674.wav,150572,aseggas-a ad aɣ-d-ḥettmen iḍrisen ara nesselmed
common_voice_kab_20231658.wav,142124,ur tzerrɛeḍ ara deg yiger-ik sin n leṣnaf n zerriɛa
common_voice_kab_20231669.wav,152876,aselmad mačči kan d win i d-yessegzayen timsirin
common_voice_kab_20231676.wav,86828,lliɣ heggaɣ-asen
common_voice_kab_20231678.wav,149804,ur tzerrɛeḍ ara deg yiger-ik sin n leṣnaf n zerriɛa
common_voice_kab_20231677.wav,149036,ad teddumt yid-sent
common_voice_kab_20231680.wav,139820,jim yeldi tawwurt
common_voice_kab_20231679.wav,98348,ufiɣ takaskiṭ-im
common_voice_kab_20231681.wav,128300,tettaɛraḍ ad tecnu i yiman-is deg uxxam
common_voice_kab_20231682.wav,105260,yecqa-yi ccɣel ma yexṣer
common_voice_kab_20231683.wav,80684,ur ttagadet ara
common_voice_kab_20231687.wav,92204,ḥeznen mi yerbeḥ
common_voice_kab_20231685.wav,270380,axaṭer di setta n wussan ameɣlal ixleq-d igenwan lqaɛa lebḥuṛ akked wayen meṛṛa i ten-iɛemṛen
common_voice_kab_20231689.wav,110636,acuɣeṛ i d-tluɛaḍ
common_voice_kab_20231692.wav,74540,ḥusseɣ s kra
common_voice_kab_20231694.wav,116012,gma-m yefqeε mliḥ
common_voice_kab_20231695.wav,56108,ttu tom
common_voice_kab_20231693.wav,99116,werjin rebḥeɣ kra
common_voice_kab_20231697.wav,198956,ih d tidet yella-tt lmektub meɛna itekki-tt uneggez i yenna wuccen
common_voice_kab_20231699.wav,106028,allen-is d sin n yiɛeqqayen n uzemmur
common_voice_kab_20231714.wav,101420,s wayen i sɛan d ttawil wid i t-id-yessekren
common_voice_kab_20231700.wav,80684,ad yurar yid-neɣ
common_voice_kab_20231715.wav,61484,riɣ-kem
common_voice_kab_20231716.wav,150572,lmelk n umeɣlal inna-as daɣen aql-ikem s tadist
common_voice_kab_20231717.wav,61484,s ttawil a winnat
common_voice_kab_20231718.wav,69932,ad am-d-laleɣ d wissen
common_voice_kab_20231719.wav,123692,tettaɛraḍ ad tecnu i yiman-is deg uxxam
common_voice_kab_20231725.wav,208940,ahat txaqeḍ ala ur tufiḍ d acu d cwiṭ n ɛeyyu kan
common_voice_kab_20231726.wav,152876,mi slan wehmen dɣa ṛuḥen ǧǧan-t
common_voice_kab_20231727.wav,99116,yella wasmi i d-temmektaḍ
common_voice_kab_20231739.wav,67628,ad d-nezziad nettwali
common_voice_kab_20231730.wav,90668,ssmesxirent yes-k
common_voice_kab_20231740.wav,65324,semmeḍ-it waman
common_voice_kab_20231744.wav,65324,tussniwin n tudert
common_voice_kab_20231747.wav,121388,taweṭṭuft mi d-teldi tawwurt tettɛeǧǧeb
common_voice_kab_20231748.wav,63788,ḥess-d di leɛnaya-m
common_voice_kab_20231749.wav,59180,xdem s ttawil
common_voice_kab_20231750.wav,79148,timlilit-nni i uzekka
common_voice_kab_20231752.wav,61484,sufeɣ afrasen
common_voice_kab_20231754.wav,66860,melmi ad t-iẓeṛ
common_voice_kab_20231751.wav,63020,iḥemmel gma-s
common_voice_kab_20231770.wav,192812,ɣas akken lḥif yetbeε-iten meɛna γelben-t s tayri i yellan gar-asen
common_voice_kab_20231771.wav,65324,teglamt yes-i
common_voice_kab_20231772.wav,68396,yella win i d-iluɛan
common_voice_kab_20231774.wav,56108,ad m-tt-tefk
common_voice_kab_20231776.wav,66860,tanemmirt aṭas aṭas
common_voice_kab_20231799.wav,125228,tettcuddu-t s yiwen n umendil annect n ugertil
common_voice_kab_20231800.wav,67628,yuba yeεẓeg am ublaḍ
common_voice_kab_20231802.wav,113708,acḥal teqqimeḍ akken tuḍneḍ
common_voice_kab_20231803.wav,88364,teččamt akken iqwem
common_voice_kab_20231801.wav,88364,wisen ma tḥemmleḍ-aɣ
common_voice_kab_20231805.wav,94508,aql-ikem tuɣaleḍ am lexyal-nni n tebḥirt
common_voice_kab_20231804.wav,61484,tfakk-ak-ten
common_voice_kab_20231806.wav,86060,ffeɣ si tudert-iw
common_voice_kab_20231807.wav,59948,tfakk-am-tt
common_voice_kab_20231808.wav,82988,d lweɛd
common_voice_kab_20231810.wav,67628,mel-d i yelhan i mmi
common_voice_kab_20231815.wav,73004,ttbineɣ-d εyiɣ
common_voice_kab_20231813.wav,76076,medden merra yezha wul
common_voice_kab_20231816.wav,86060,sṣufeɣ-d akk tirrugza i yellan deg-k
common_voice_kab_20231818.wav,63020,txeddem akken tebɣa
common_voice_kab_20231838.wav,123692,yiwen seg-wen ur ittkellix i lɣir-is
common_voice_kab_20231833.wav,106028,ur ttmuqqul ara ɣer deffir
common_voice_kab_20231841.wav,67628,ad qewwteɣ iɣeṛsiwen
common_voice_kab_20231846.wav,92204,jerden iman-nsen i wakken ad-zeynen
common_voice_kab_20231849.wav,76844,ur tuḍinem ara
common_voice_kab_20231848.wav,150572,ih ččet nekk alemma fukeɣ tayerza
common_voice_kab_20231850.wav,59180,yemmut menṭeq
common_voice_kab_20231851.wav,77612,ayyen akka
common_voice_kab_20231852.wav,136748,ilaq iselmaden n tmaziɣt ad issinen isenfaṛen-a
common_voice_kab_20231858.wav,57644,rnu aččini
common_voice_kab_20231859.wav,82220,nemyura
common_voice_kab_20231860.wav,64556,ḍefṛem-aɣ-d
common_voice_kab_20231862.wav,77612,gneɣ i kenwi
common_voice_kab_20231861.wav,79916,ad asent-tt-tefkem
common_voice_kab_20231873.wav,67628,ssimẓiɣ aṭas tirga-w
common_voice_kab_20231874.wav,145964,imiren ad wen-nettak tullas-nneɣ ad d-nettawi tullas-nwen
common_voice_kab_20231876.wav,156716,limmer ayen akk ttwalint wallen-iw yecbeḥ d tidet yecbeḥ
common_voice_kab_20231875.wav,73004,ruḥeɣ daɣen ɣer din
common_voice_kab_20231877.wav,230444,a yelli-s n medden ad am-iniɣ taluft yeḍran yid-i d lxir d acu yeḍran yid-k
common_voice_kab_20231879.wav,82220,tizizwit txeddem-d tament
common_voice_kab_20231878.wav,71468,yuba yuḍen akansir
common_voice_kab_20231880.wav,56876,diri-yi
common_voice_kab_20231881.wav,58412,ṛjiɣ-k
common_voice_kab_20231882.wav,80684,werǧin teḍra yid-i yakan
common_voice_kab_20231913.wav,73004,bḍan-ak-tent-id
common_voice_kab_20231914.wav,203564,wid i tewwi tuzzuft-nsen armi ffɣen seg sswab d usegmi n tudert ɣef uqerruy n tmeṭṭut
common_voice_kab_20231915.wav,88364,suref-iyi ɣef tfinyent-a
common_voice_kab_20231916.wav,185900,cimɛun d lewwi d atmaten sersen-d rrehba s leslaḥ-nsen
common_voice_kab_20231917.wav,73772,ncukk-it yeskiddib
common_voice_kab_20231919.wav,72236,tanemmirt i tebɣest
common_voice_kab_20231918.wav,72236,ad ddun yid-i
common_voice_kab_20231921.wav,68396,nga-t s timmad-nneɣ
common_voice_kab_20231920.wav,71468,erẓ tawwurt tkecmeḍ
common_voice_kab_20231938.wav,58412,fakk-ik imenɣi
common_voice_kab_20231922.wav,53804,ceɣlent
common_voice_kab_20231939.wav,57644,nɣiɣ-awen-tt
common_voice_kab_20231940.wav,99884,qeṛṛḥet
common_voice_kab_20231941.wav,114476,d ticraḍ ɣef uglim d awal ur nerdim
common_voice_kab_20231942.wav,67628,yella kra i nettu
common_voice_kab_20231953.wav,63788,tessnem ad tecfem
common_voice_kab_20231954.wav,69164,beɛɛdemt fell-i
common_voice_kab_20231955.wav,67628,s leɛqel-ik
common_voice_kab_20231956.wav,53036,tsebɣem-iyi-tt
common_voice_kab_20231957.wav,82988,ihi aql-i wwḍeɣ-d
common_voice_kab_20231968.wav,78380,urfan-iw akk fukken
common_voice_kab_20231969.wav,62252,heggan i waffug
common_voice_kab_20231970.wav,89900,tuɣal ɣer yiḍes-nni i tt-yessensen
common_voice_kab_20231971.wav,135980,ammer ahat ad taf ɣur yiḍ ddwa ara iṣebbren ul-is
common_voice_kab_20231977.wav,53804,tga-tt
common_voice_kab_20231972.wav,55340,sgunfan
common_voice_kab_20231979.wav,97580,cbaḥa n tmurt deg ugama-ines
common_voice_kab_20231980.wav,61484,ad yettuḥasef
common_voice_kab_20231981.wav,53036,yeḥbes tom
common_voice_kab_20231987.wav,66860,alimt-t
common_voice_kab_20231989.wav,73772,amek i ten-tesεiḍ
common_voice_kab_20231988.wav,75308,yuba yettban yeǧhed
common_voice_kab_20231990.wav,55340,d ayla-m
common_voice_kab_20231991.wav,68396,sεan lḥeqq i sin
common_voice_kab_20231992.wav,54572,erẓ-itt
common_voice_kab_20232005.wav,99116,lukan ad t-tennaleḍ d amcum-im
common_voice_kab_20232007.wav,152108,azaglu-iw leggaɣ yerna taɛekkemt-iw fessuset
common_voice_kab_20232008.wav,61484,swingem-as
common_voice_kab_20232009.wav,71468,ḍefṛem takeṛṛust-a
common_voice_kab_20232018.wav,65324,tsebɣemt-asen-t
common_voice_kab_20232011.wav,66860,yuba yeḥwaǧ afus
common_voice_kab_20232019.wav,75308,yeldi tawwurt yekcem
common_voice_kab_20232020.wav,60716,la ɣ-ttnadin
common_voice_kab_20232021.wav,58412,truḥ s axxam
common_voice_kab_20232022.wav,66092,tedduɣ ad gneɣ
common_voice_kab_20232023.wav,71468,mačči n tbestuḥin
common_voice_kab_20232024.wav,77612,ɣlint d tinnegnit
common_voice_kab_20232025.wav,73004,ad ten-id-temmagrem
common_voice_kab_20232030.wav,123692,ayen illan di tasilt ad t-id issali iflu
common_voice_kab_20232032.wav,102188,maεlic ad qqimeɣ da
common_voice_kab_20232049.wav,76076,d lawan n rrwaḥ s axeddim
common_voice_kab_20232051.wav,228140,aṭas n tiɣriwin i usemsawi gar urgaz d tmeṭṭut i d-yeffɣen i lmend n tnekkra-a taɣerfant
common_voice_kab_20232053.wav,70700,ad ṛuḥeɣ axiṛ
common_voice_kab_20232054.wav,55340,ddmet-t
common_voice_kab_20232064.wav,89132,leḥsab d useḥseb n wussan
common_voice_kab_20232050.wav,64556,beṛka-k imeṭṭawen
common_voice_kab_20232065.wav,61484,tekkseḍ-tt-id
common_voice_kab_20232066.wav,84524,tura i d-yemmekta
common_voice_kab_20232092.wav,52268,ɣuṛ-k
common_voice_kab_20232067.wav,69164,deg tmurt i zewǧen
common_voice_kab_20232093.wav,169772,werǧin i as-d-teḍra taluft-a argaz-a werǧin i t-iwala
common_voice_kab_20232094.wav,126764,ur ittqerrib ara iwakken ad iqeddem lqut n yillu-is
common_voice_kab_20232095.wav,95276,ad gneɣ gar yijeǧǧigen deg ugama
common_voice_kab_20232096.wav,64556,iɣunfa-t
common_voice_kab_20232097.wav,69932,ad m-tt-id-awin
common_voice_kab_20232098.wav,92204,tettwali llufan yettfeǧiǧ
common_voice_kab_20232099.wav,64556,tezzem deg yiman-is
common_voice_kab_20232100.wav,82220,ɛdidi teččuṛ d-nniya
common_voice_kab_20232101.wav,66092,yenɣa-yasen-tt
common_voice_kab_20232112.wav,79916,tesɛa leɛqel mliḥ
common_voice_kab_20232113.wav,177452,aqendur-agi ad isɛu imi di tlemmast anda ara yettɛeddi uqerru
common_voice_kab_20232115.wav,65324,nedderbez s axxam
common_voice_kab_20232116.wav,68396,melmi i d-tuɣalem da
common_voice_kab_20232114.wav,205100,ayen akk ara yekk wass netta ad tafeḍ yettẓala neɣ ad yeṭṭef adlis n leqran gar yifasen
common_voice_kab_20232133.wav,59180,nesbeɣ-iten-id
common_voice_kab_20232135.wav,124460,aql-i am yigider amerẓu i tt-yuɣen deg wafriwen
common_voice_kab_20232138.wav,62252,nbeddel
common_voice_kab_20232151.wav,66860,ṛuḥent-asent
common_voice_kab_20232140.wav,72236,d amenɣay i telliḍ
common_voice_kab_20232139.wav,65324,ayɣer i t-id-tuɣem
common_voice_kab_20232154.wav,54572,tugem-d
common_voice_kab_20232152.wav,70700,tufamt-t-id d amuḍin
common_voice_kab_20232155.wav,89900,ula d nadam yeggan ɣef uhicur
common_voice_kab_20232156.wav,76076,yelli-k d taderɣalt
